id,date,matchday,home_team,away_team,home_score,away_score,status
435943,2023-08-11T19:00:00Z,1,Burnley FC,Manchester City FC,0,3,FINISHED
435944,2023-08-12T12:00:00Z,1,Arsenal FC,Nottingham Forest FC,2,1,FINISHED
435945,2023-08-12T14:00:00Z,1,AFC Bournemouth,West Ham United FC,1,1,FINISHED
435946,2023-08-12T14:00:00Z,1,Brighton & Hove Albion FC,Luton Town FC,4,1,FINISHED
435947,2023-08-12T14:00:00Z,1,Everton FC,Fulham FC,0,1,FINISHED
435948,2023-08-12T14:00:00Z,1,Sheffield United FC,Crystal Palace FC,0,1,FINISHED
435949,2023-08-12T16:30:00Z,1,Newcastle United FC,Aston Villa FC,5,1,FINISHED
435950,2023-08-13T13:00:00Z,1,Brentford FC,Tottenham Hotspur FC,2,2,FINISHED
435951,2023-08-13T15:30:00Z,1,Chelsea FC,Liverpool FC,1,1,FINISHED
435952,2023-08-14T19:00:00Z,1,Manchester United FC,Wolverhampton Wanderers FC,1,0,FINISHED
435959,2023-08-18T18:45:00Z,2,Nottingham Forest FC,Sheffield United FC,2,1,FINISHED
435955,2023-08-19T14:00:00Z,2,Fulham FC,Brentford FC,0,3,FINISHED
435956,2023-08-19T14:00:00Z,2,Liverpool FC,AFC Bournemouth,3,1,FINISHED
435962,2023-08-19T14:00:00Z,2,Wolverhampton Wanderers FC,Brighton & Hove Albion FC,1,4,FINISHED
435960,2023-08-19T16:30:00Z,2,Tottenham Hotspur FC,Manchester United FC,2,0,FINISHED
435958,2023-08-19T19:00:00Z,2,Manchester City FC,Newcastle United FC,1,0,FINISHED
435953,2023-08-20T13:00:00Z,2,Aston Villa FC,Everton FC,4,0,FINISHED
435961,2023-08-20T15:30:00Z,2,West Ham United FC,Chelsea FC,3,1,FINISHED
435954,2023-08-21T19:00:00Z,2,Crystal Palace FC,Arsenal FC,0,1,FINISHED
435968,2023-08-25T19:00:00Z,3,Chelsea FC,Luton Town FC,3,0,FINISHED
435963,2023-08-26T11:30:00Z,3,AFC Bournemouth,Tottenham Hotspur FC,0,2,FINISHED
435969,2023-08-26T14:00:00Z,3,Everton FC,Wolverhampton Wanderers FC,0,1,FINISHED
435970,2023-08-26T14:00:00Z,3,Manchester United FC,Nottingham Forest FC,3,2,FINISHED
435964,2023-08-26T14:00:00Z,3,Arsenal FC,Fulham FC,2,2,FINISHED
435965,2023-08-26T14:00:00Z,3,Brentford FC,Crystal Palace FC,1,1,FINISHED
435966,2023-08-26T16:30:00Z,3,Brighton & Hove Albion FC,West Ham United FC,1,3,FINISHED
435972,2023-08-27T13:00:00Z,3,Sheffield United FC,Manchester City FC,1,2,FINISHED
435967,2023-08-27T13:00:00Z,3,Burnley FC,Aston Villa FC,1,3,FINISHED
435971,2023-08-27T15:30:00Z,3,Newcastle United FC,Liverpool FC,1,2,FINISHED
435980,2023-09-01T19:00:00Z,4,Luton Town FC,West Ham United FC,1,2,FINISHED
435982,2023-09-02T11:30:00Z,4,Sheffield United FC,Everton FC,2,2,FINISHED
435974,2023-09-02T14:00:00Z,4,Brentford FC,AFC Bournemouth,2,2,FINISHED
435976,2023-09-02T14:00:00Z,4,Burnley FC,Tottenham Hotspur FC,2,5,FINISHED
435977,2023-09-02T14:00:00Z,4,Chelsea FC,Nottingham Forest FC,0,1,FINISHED
435981,2023-09-02T14:00:00Z,4,Manchester City FC,Fulham FC,5,1,FINISHED
435975,2023-09-02T16:30:00Z,4,Brighton & Hove Albion FC,Newcastle United FC,3,1,FINISHED
435978,2023-09-03T13:00:00Z,4,Crystal Palace FC,Wolverhampton Wanderers FC,3,2,FINISHED
435979,2023-09-03T13:00:00Z,4,Liverpool FC,Aston Villa FC,3,0,FINISHED
435973,2023-09-03T15:30:00Z,4,Arsenal FC,Manchester United FC,3,1,FINISHED
435992,2023-09-16T11:30:00Z,5,Wolverhampton Wanderers FC,Liverpool FC,1,3,FINISHED
435984,2023-09-16T14:00:00Z,5,Aston Villa FC,Crystal Palace FC,3,1,FINISHED
435986,2023-09-16T14:00:00Z,5,Fulham FC,Luton Town FC,1,0,FINISHED
435987,2023-09-16T14:00:00Z,5,Manchester United FC,Brighton & Hove Albion FC,1,3,FINISHED
435990,2023-09-16T14:00:00Z,5,Tottenham Hotspur FC,Sheffield United FC,2,1,FINISHED
435991,2023-09-16T14:00:00Z,5,West Ham United FC,Manchester City FC,1,3,FINISHED
435988,2023-09-16T16:30:00Z,5,Newcastle United FC,Brentford FC,1,0,FINISHED
435983,2023-09-17T13:00:00Z,5,AFC Bournemouth,Chelsea FC,0,0,FINISHED
435985,2023-09-17T15:30:00Z,5,Everton FC,Arsenal FC,0,1,FINISHED
435989,2023-09-18T18:45:00Z,5,Nottingham Forest FC,Burnley FC,1,1,FINISHED
435998,2023-09-23T14:00:00Z,6,Crystal Palace FC,Fulham FC,0,0,FINISHED
436000,2023-09-23T14:00:00Z,6,Luton Town FC,Wolverhampton Wanderers FC,1,1,FINISHED
436001,2023-09-23T14:00:00Z,6,Manchester City FC,Nottingham Forest FC,2,0,FINISHED
435994,2023-09-23T16:30:00Z,6,Brentford FC,Everton FC,1,3,FINISHED
435996,2023-09-23T19:00:00Z,6,Burnley FC,Manchester United FC,0,1,FINISHED
435993,2023-09-24T13:00:00Z,6,Arsenal FC,Tottenham Hotspur FC,2,2,FINISHED
435995,2023-09-24T13:00:00Z,6,Brighton & Hove Albion FC,AFC Bournemouth,3,1,FINISHED
435997,2023-09-24T13:00:00Z,6,Chelsea FC,Aston Villa FC,0,1,FINISHED
435999,2023-09-24T13:00:00Z,6,Liverpool FC,West Ham United FC,3,1,FINISHED
436002,2023-09-24T15:30:00Z,6,Sheffield United FC,Newcastle United FC,0,8,FINISHED
436004,2023-09-30T11:30:00Z,7,Aston Villa FC,Brighton & Hove Albion FC,6,1,FINISHED
436003,2023-09-30T14:00:00Z,7,AFC Bournemouth,Arsenal FC,0,4,FINISHED
436005,2023-09-30T14:00:00Z,7,Everton FC,Luton Town FC,1,2,FINISHED
436007,2023-09-30T14:00:00Z,7,Manchester United FC,Crystal Palace FC,0,1,FINISHED
436008,2023-09-30T14:00:00Z,7,Newcastle United FC,Burnley FC,2,0,FINISHED
436011,2023-09-30T14:00:00Z,7,West Ham United FC,Sheffield United FC,2,0,FINISHED
436012,2023-09-30T14:00:00Z,7,Wolverhampton Wanderers FC,Manchester City FC,2,1,FINISHED
436010,2023-09-30T16:30:00Z,7,Tottenham Hotspur FC,Liverpool FC,2,1,FINISHED
436009,2023-10-01T13:00:00Z,7,Nottingham Forest FC,Brentford FC,1,1,FINISHED
436006,2023-10-02T19:00:00Z,7,Fulham FC,Chelsea FC,0,2,FINISHED
435957,2023-10-03T18:30:00Z,2,Luton Town FC,Burnley FC,1,2,FINISHED
436019,2023-10-07T11:30:00Z,8,Luton Town FC,Tottenham Hotspur FC,0,1,FINISHED
436015,2023-10-07T14:00:00Z,8,Burnley FC,Chelsea FC,1,4,FINISHED
436017,2023-10-07T14:00:00Z,8,Everton FC,AFC Bournemouth,3,0,FINISHED
436018,2023-10-07T14:00:00Z,8,Fulham FC,Sheffield United FC,3,1,FINISHED
436020,2023-10-07T14:00:00Z,8,Manchester United FC,Brentford FC,2,1,FINISHED
436016,2023-10-07T16:30:00Z,8,Crystal Palace FC,Nottingham Forest FC,0,0,FINISHED
436014,2023-10-08T13:00:00Z,8,Brighton & Hove Albion FC,Liverpool FC,2,2,FINISHED
436021,2023-10-08T13:00:00Z,8,West Ham United FC,Newcastle United FC,2,2,FINISHED
436022,2023-10-08T13:00:00Z,8,Wolverhampton Wanderers FC,Aston Villa FC,1,1,FINISHED
436013,2023-10-08T15:30:00Z,8,Arsenal FC,Manchester City FC,1,0,FINISHED
436027,2023-10-21T11:30:00Z,9,Liverpool FC,Everton FC,2,0,FINISHED
436023,2023-10-21T14:00:00Z,9,AFC Bournemouth,Wolverhampton Wanderers FC,1,2,FINISHED
436025,2023-10-21T14:00:00Z,9,Brentford FC,Burnley FC,3,0,FINISHED
436028,2023-10-21T14:00:00Z,9,Manchester City FC,Brighton & Hove Albion FC,2,1,FINISHED
436029,2023-10-21T14:00:00Z,9,Newcastle United FC,Crystal Palace FC,4,0,FINISHED
436030,2023-10-21T14:00:00Z,9,Nottingham Forest FC,Luton Town FC,2,2,FINISHED
436026,2023-10-21T16:30:00Z,9,Chelsea FC,Arsenal FC,2,2,FINISHED
436031,2023-10-21T19:00:00Z,9,Sheffield United FC,Manchester United FC,1,2,FINISHED
436024,2023-10-22T15:30:00Z,9,Aston Villa FC,West Ham United FC,4,1,FINISHED
436032,2023-10-23T19:00:00Z,9,Tottenham Hotspur FC,Fulham FC,2,0,FINISHED
436038,2023-10-27T19:00:00Z,10,Crystal Palace FC,Tottenham Hotspur FC,1,2,FINISHED
436037,2023-10-28T11:30:00Z,10,Chelsea FC,Brentford FC,0,2,FINISHED
436033,2023-10-28T14:00:00Z,10,AFC Bournemouth,Burnley FC,2,1,FINISHED
436034,2023-10-28T14:00:00Z,10,Arsenal FC,Sheffield United FC,5,0,FINISHED
436042,2023-10-28T16:30:00Z,10,Wolverhampton Wanderers FC,Newcastle United FC,2,2,FINISHED
436041,2023-10-29T13:00:00Z,10,West Ham United FC,Everton FC,0,1,FINISHED
436035,2023-10-29T14:00:00Z,10,Aston Villa FC,Luton Town FC,3,1,FINISHED
436036,2023-10-29T14:00:00Z,10,Brighton & Hove Albion FC,Fulham FC,1,1,FINISHED
436039,2023-10-29T14:00:00Z,10,Liverpool FC,Nottingham Forest FC,3,0,FINISHED
436040,2023-10-29T15:30:00Z,10,Manchester United FC,Manchester City FC,0,3,FINISHED
436046,2023-11-04T12:30:00Z,11,Fulham FC,Manchester United FC,0,1,FINISHED
436043,2023-11-04T15:00:00Z,11,Brentford FC,West Ham United FC,3,2,FINISHED
436044,2023-11-04T15:00:00Z,11,Burnley FC,Crystal Palace FC,0,2,FINISHED
436045,2023-11-04T15:00:00Z,11,Everton FC,Brighton & Hove Albion FC,1,1,FINISHED
436048,2023-11-04T15:00:00Z,11,Manchester City FC,AFC Bournemouth,6,1,FINISHED
436051,2023-11-04T15:00:00Z,11,Sheffield United FC,Wolverhampton Wanderers FC,2,1,FINISHED
436049,2023-11-04T17:30:00Z,11,Newcastle United FC,Arsenal FC,1,0,FINISHED
436050,2023-11-05T14:00:00Z,11,Nottingham Forest FC,Aston Villa FC,2,0,FINISHED
436047,2023-11-05T16:30:00Z,11,Luton Town FC,Liverpool FC,1,1,FINISHED
436052,2023-11-06T20:00:00Z,11,Tottenham Hotspur FC,Chelsea FC,1,4,FINISHED
436062,2023-11-11T12:30:00Z,12,Wolverhampton Wanderers FC,Tottenham Hotspur FC,2,1,FINISHED
436054,2023-11-11T15:00:00Z,12,Arsenal FC,Burnley FC,3,1,FINISHED
436058,2023-11-11T15:00:00Z,12,Crystal Palace FC,Everton FC,2,3,FINISHED
436060,2023-11-11T15:00:00Z,12,Manchester United FC,Luton Town FC,1,0,FINISHED
436053,2023-11-11T17:30:00Z,12,AFC Bournemouth,Newcastle United FC,2,0,FINISHED
436055,2023-11-12T14:00:00Z,12,Aston Villa FC,Fulham FC,3,1,FINISHED
436056,2023-11-12T14:00:00Z,12,Brighton & Hove Albion FC,Sheffield United FC,1,1,FINISHED
436059,2023-11-12T14:00:00Z,12,Liverpool FC,Brentford FC,3,0,FINISHED
436061,2023-11-12T14:00:00Z,12,West Ham United FC,Nottingham Forest FC,3,2,FINISHED
436057,2023-11-12T16:30:00Z,12,Chelsea FC,Manchester City FC,4,4,FINISHED
436068,2023-11-25T12:30:00Z,13,Manchester City FC,Liverpool FC,1,1,FINISHED
436064,2023-11-25T15:00:00Z,13,Burnley FC,West Ham United FC,1,2,FINISHED
436067,2023-11-25T15:00:00Z,13,Luton Town FC,Crystal Palace FC,2,1,FINISHED
436069,2023-11-25T15:00:00Z,13,Newcastle United FC,Chelsea FC,4,1,FINISHED
436070,2023-11-25T15:00:00Z,13,Nottingham Forest FC,Brighton & Hove Albion FC,2,3,FINISHED
436071,2023-11-25T15:00:00Z,13,Sheffield United FC,AFC Bournemouth,1,3,FINISHED
436063,2023-11-25T17:30:00Z,13,Brentford FC,Arsenal FC,0,1,FINISHED
436072,2023-11-26T14:00:00Z,13,Tottenham Hotspur FC,Aston Villa FC,1,2,FINISHED
436065,2023-11-26T16:30:00Z,13,Everton FC,Manchester United FC,0,3,FINISHED
436066,2023-11-27T20:00:00Z,13,Fulham FC,Wolverhampton Wanderers FC,3,2,FINISHED
436074,2023-12-02T15:00:00Z,14,Arsenal FC,Wolverhampton Wanderers FC,2,1,FINISHED
436075,2023-12-02T15:00:00Z,14,Brentford FC,Luton Town FC,3,1,FINISHED
436076,2023-12-02T15:00:00Z,14,Burnley FC,Sheffield United FC,5,0,FINISHED
436081,2023-12-02T17:30:00Z,14,Nottingham Forest FC,Everton FC,0,1,FINISHED
436080,2023-12-02T20:00:00Z,14,Newcastle United FC,Manchester United FC,1,0,FINISHED
436073,2023-12-03T14:00:00Z,14,AFC Bournemouth,Aston Villa FC,2,2,FINISHED
436077,2023-12-03T14:00:00Z,14,Chelsea FC,Brighton & Hove Albion FC,3,2,FINISHED
436078,2023-12-03T14:00:00Z,14,Liverpool FC,Fulham FC,4,3,FINISHED
436082,2023-12-03T14:00:00Z,14,West Ham United FC,Crystal Palace FC,1,1,FINISHED
436079,2023-12-03T16:30:00Z,14,Manchester City FC,Tottenham Hotspur FC,3,3,FINISHED
436090,2023-12-05T19:30:00Z,15,Wolverhampton Wanderers FC,Burnley FC,1,0,FINISHED
436087,2023-12-05T20:15:00Z,15,Luton Town FC,Arsenal FC,3,4,FINISHED
436084,2023-12-06T19:30:00Z,15,Brighton & Hove Albion FC,Brentford FC,2,1,FINISHED
436086,2023-12-06T19:30:00Z,15,Fulham FC,Nottingham Forest FC,5,0,FINISHED
436088,2023-12-06T19:30:00Z,15,Sheffield United FC,Liverpool FC,0,2,FINISHED
436091,2023-12-06T19:30:00Z,15,Crystal Palace FC,AFC Bournemouth,0,2,FINISHED
436083,2023-12-06T20:15:00Z,15,Aston Villa FC,Manchester City FC,1,0,FINISHED
436092,2023-12-06T20:15:00Z,15,Manchester United FC,Chelsea FC,2,1,FINISHED
436085,2023-12-07T19:30:00Z,15,Everton FC,Newcastle United FC,3,0,FINISHED
436089,2023-12-07T20:15:00Z,15,Tottenham Hotspur FC,West Ham United FC,1,2,FINISHED
436095,2023-12-09T12:30:00Z,16,Crystal Palace FC,Liverpool FC,1,2,FINISHED
436094,2023-12-09T15:00:00Z,16,Brighton & Hove Albion FC,Burnley FC,1,1,FINISHED
436099,2023-12-09T15:00:00Z,16,Manchester United FC,AFC Bournemouth,0,3,FINISHED
436100,2023-12-09T15:00:00Z,16,Sheffield United FC,Brentford FC,1,0,FINISHED
436102,2023-12-09T15:00:00Z,16,Wolverhampton Wanderers FC,Nottingham Forest FC,1,1,FINISHED
436093,2023-12-09T17:30:00Z,16,Aston Villa FC,Arsenal FC,1,0,FINISHED
436096,2023-12-10T14:00:00Z,16,Everton FC,Chelsea FC,2,0,FINISHED
436097,2023-12-10T14:00:00Z,16,Fulham FC,West Ham United FC,5,0,FINISHED
436098,2023-12-10T14:00:00Z,16,Luton Town FC,Manchester City FC,1,2,FINISHED
436101,2023-12-10T16:30:00Z,16,Tottenham Hotspur FC,Newcastle United FC,4,1,FINISHED
436111,2023-12-15T20:00:00Z,17,Nottingham Forest FC,Tottenham Hotspur FC,0,2,FINISHED
436107,2023-12-16T15:00:00Z,17,Chelsea FC,Sheffield United FC,2,0,FINISHED
436109,2023-12-16T15:00:00Z,17,Manchester City FC,Crystal Palace FC,2,2,FINISHED
436110,2023-12-16T15:00:00Z,17,Newcastle United FC,Fulham FC,3,0,FINISHED
436106,2023-12-16T17:30:00Z,17,Burnley FC,Everton FC,0,2,FINISHED
436104,2023-12-17T14:00:00Z,17,Arsenal FC,Brighton & Hove Albion FC,2,0,FINISHED
436105,2023-12-17T14:00:00Z,17,Brentford FC,Aston Villa FC,1,2,FINISHED
436112,2023-12-17T14:00:00Z,17,West Ham United FC,Wolverhampton Wanderers FC,3,0,FINISHED
436108,2023-12-17T16:30:00Z,17,Liverpool FC,Manchester United FC,0,0,FINISHED
436114,2023-12-21T20:00:00Z,18,Crystal Palace FC,Brighton & Hove Albion FC,1,1,FINISHED
436113,2023-12-22T20:00:00Z,18,Aston Villa FC,Sheffield United FC,1,1,FINISHED
436121,2023-12-23T12:30:00Z,18,West Ham United FC,Manchester United FC,2,0,FINISHED
436115,2023-12-23T15:00:00Z,18,Fulham FC,Burnley FC,0,2,FINISHED
436117,2023-12-23T15:00:00Z,18,Luton Town FC,Newcastle United FC,1,0,FINISHED
436119,2023-12-23T15:00:00Z,18,Nottingham Forest FC,AFC Bournemouth,2,3,FINISHED
436120,2023-12-23T15:00:00Z,18,Tottenham Hotspur FC,Everton FC,2,1,FINISHED
436116,2023-12-23T17:30:00Z,18,Liverpool FC,Arsenal FC,1,1,FINISHED
436122,2023-12-24T13:00:00Z,18,Wolverhampton Wanderers FC,Chelsea FC,2,1,FINISHED
436131,2023-12-26T12:30:00Z,19,Newcastle United FC,Nottingham Forest FC,1,3,FINISHED
436123,2023-12-26T15:00:00Z,19,AFC Bournemouth,Fulham FC,3,0,FINISHED
436132,2023-12-26T15:00:00Z,19,Sheffield United FC,Luton Town FC,2,3,FINISHED
436127,2023-12-26T17:30:00Z,19,Burnley FC,Liverpool FC,0,2,FINISHED
436130,2023-12-26T20:00:00Z,19,Manchester United FC,Aston Villa FC,3,2,FINISHED
436125,2023-12-27T19:30:00Z,19,Brentford FC,Wolverhampton Wanderers FC,1,4,FINISHED
436128,2023-12-27T19:30:00Z,19,Chelsea FC,Crystal Palace FC,2,1,FINISHED
436129,2023-12-27T20:15:00Z,19,Everton FC,Manchester City FC,1,3,FINISHED
436126,2023-12-28T19:30:00Z,19,Brighton & Hove Albion FC,Tottenham Hotspur FC,4,2,FINISHED
436124,2023-12-28T20:15:00Z,19,Arsenal FC,West Ham United FC,0,2,FINISHED
436137,2023-12-30T12:30:00Z,20,Luton Town FC,Chelsea FC,2,3,FINISHED
436133,2023-12-30T15:00:00Z,20,Aston Villa FC,Burnley FC,3,2,FINISHED
436134,2023-12-30T15:00:00Z,20,Crystal Palace FC,Brentford FC,3,1,FINISHED
436138,2023-12-30T15:00:00Z,20,Manchester City FC,Sheffield United FC,2,0,FINISHED
436142,2023-12-30T15:00:00Z,20,Wolverhampton Wanderers FC,Everton FC,3,0,FINISHED
436139,2023-12-30T17:30:00Z,20,Nottingham Forest FC,Manchester United FC,2,1,FINISHED
436135,2023-12-31T14:00:00Z,20,Fulham FC,Arsenal FC,2,1,FINISHED
436140,2023-12-31T14:00:00Z,20,Tottenham Hotspur FC,AFC Bournemouth,3,1,FINISHED
436136,2024-01-01T20:00:00Z,20,Liverpool FC,Newcastle United FC,4,2,FINISHED
436141,2024-01-02T19:30:00Z,20,West Ham United FC,Brighton & Hove Albion FC,0,0,FINISHED
436147,2024-01-12T19:45:00Z,21,Burnley FC,Luton Town FC,1,1,FINISHED
436148,2024-01-13T12:30:00Z,21,Chelsea FC,Fulham FC,1,0,FINISHED
436151,2024-01-13T17:30:00Z,21,Newcastle United FC,Manchester City FC,2,3,FINISHED
436149,2024-01-14T14:00:00Z,21,Everton FC,Aston Villa FC,0,0,FINISHED
436150,2024-01-14T16:30:00Z,21,Manchester United FC,Tottenham Hotspur FC,2,2,FINISHED
436144,2024-01-20T12:30:00Z,21,Arsenal FC,Crystal Palace FC,5,0,FINISHED
436145,2024-01-20T17:30:00Z,21,Brentford FC,Nottingham Forest FC,3,2,FINISHED
436152,2024-01-21T14:00:00Z,21,Sheffield United FC,West Ham United FC,2,2,FINISHED
436143,2024-01-21T16:30:00Z,21,AFC Bournemouth,Liverpool FC,0,4,FINISHED
436146,2024-01-22T19:45:00Z,21,Brighton & Hove Albion FC,Wolverhampton Wanderers FC,0,0,FINISHED
436153,2024-01-30T19:30:00Z,22,Nottingham Forest FC,Arsenal FC,1,2,FINISHED
436155,2024-01-30T19:45:00Z,22,Luton Town FC,Brighton & Hove Albion FC,4,0,FINISHED
436156,2024-01-30T19:45:00Z,22,Fulham FC,Everton FC,0,0,FINISHED
436157,2024-01-30T20:00:00Z,22,Crystal Palace FC,Sheffield United FC,3,2,FINISHED
436158,2024-01-30T20:15:00Z,22,Aston Villa FC,Newcastle United FC,1,3,FINISHED
436159,2024-01-31T19:30:00Z,22,Tottenham Hotspur FC,Brentford FC,3,2,FINISHED
436161,2024-01-31T19:30:00Z,22,Manchester City FC,Burnley FC,3,1,FINISHED
436162,2024-01-31T20:15:00Z,22,Liverpool FC,Chelsea FC,4,1,FINISHED
436154,2024-02-01T19:30:00Z,22,West Ham United FC,AFC Bournemouth,1,1,FINISHED
436160,2024-02-01T20:15:00Z,22,Wolverhampton Wanderers FC,Manchester United FC,3,4,FINISHED
436169,2024-02-03T12:30:00Z,23,Everton FC,Tottenham Hotspur FC,2,2,FINISHED
436166,2024-02-03T15:00:00Z,23,Brighton & Hove Albion FC,Crystal Palace FC,4,1,FINISHED
436167,2024-02-03T15:00:00Z,23,Burnley FC,Fulham FC,2,2,FINISHED
436171,2024-02-03T15:00:00Z,23,Newcastle United FC,Luton Town FC,4,4,FINISHED
436172,2024-02-03T17:30:00Z,23,Sheffield United FC,Aston Villa FC,0,5,FINISHED
436163,2024-02-04T14:00:00Z,23,AFC Bournemouth,Nottingham Forest FC,1,1,FINISHED
436168,2024-02-04T14:00:00Z,23,Chelsea FC,Wolverhampton Wanderers FC,2,4,FINISHED
436170,2024-02-04T14:00:00Z,23,Manchester United FC,West Ham United FC,3,0,FINISHED
436164,2024-02-04T16:30:00Z,23,Arsenal FC,Liverpool FC,3,1,FINISHED
436165,2024-02-05T20:00:00Z,23,Brentford FC,Manchester City FC,1,3,FINISHED
436178,2024-02-10T12:30:00Z,24,Manchester City FC,Everton FC,2,0,FINISHED
436175,2024-02-10T15:00:00Z,24,Fulham FC,AFC Bournemouth,3,1,FINISHED
436176,2024-02-10T15:00:00Z,24,Liverpool FC,Burnley FC,3,1,FINISHED
436177,2024-02-10T15:00:00Z,24,Luton Town FC,Sheffield United FC,1,3,FINISHED
436180,2024-02-10T15:00:00Z,24,Tottenham Hotspur FC,Brighton & Hove Albion FC,2,1,FINISHED
436182,2024-02-10T15:00:00Z,24,Wolverhampton Wanderers FC,Brentford FC,0,2,FINISHED
436179,2024-02-10T17:30:00Z,24,Nottingham Forest FC,Newcastle United FC,2,3,FINISHED
436181,2024-02-11T14:00:00Z,24,West Ham United FC,Arsenal FC,0,6,FINISHED
436173,2024-02-11T16:30:00Z,24,Aston Villa FC,Manchester United FC,1,2,FINISHED
436174,2024-02-12T20:00:00Z,24,Crystal Palace FC,Chelsea FC,1,3,FINISHED
436183,2024-02-17T12:30:00Z,25,Brentford FC,Liverpool FC,1,4,FINISHED
436184,2024-02-17T15:00:00Z,25,Burnley FC,Arsenal FC,0,5,FINISHED
436186,2024-02-17T15:00:00Z,25,Fulham FC,Aston Villa FC,1,2,FINISHED
436189,2024-02-17T15:00:00Z,25,Newcastle United FC,AFC Bournemouth,2,2,FINISHED
436190,2024-02-17T15:00:00Z,25,Nottingham Forest FC,West Ham United FC,2,0,FINISHED
436192,2024-02-17T15:00:00Z,25,Tottenham Hotspur FC,Wolverhampton Wanderers FC,1,2,FINISHED
436188,2024-02-17T17:30:00Z,25,Manchester City FC,Chelsea FC,1,1,FINISHED
436191,2024-02-18T14:00:00Z,25,Sheffield United FC,Brighton & Hove Albion FC,0,5,FINISHED
436187,2024-02-18T16:30:00Z,25,Luton Town FC,Manchester United FC,1,2,FINISHED
436185,2024-02-19T20:00:00Z,25,Everton FC,Crystal Palace FC,1,1,FINISHED
436118,2024-02-20T19:30:00Z,18,Manchester City FC,Brentford FC,1,0,FINISHED
436199,2024-02-21T19:30:00Z,26,Liverpool FC,Luton Town FC,4,1,FINISHED
436195,2024-02-24T15:00:00Z,26,Aston Villa FC,Nottingham Forest FC,4,2,FINISHED
436196,2024-02-24T15:00:00Z,26,Brighton & Hove Albion FC,Everton FC,1,1,FINISHED
436198,2024-02-24T15:00:00Z,26,Crystal Palace FC,Burnley FC,3,0,FINISHED
436200,2024-02-24T15:00:00Z,26,Manchester United FC,Fulham FC,1,2,FINISHED
436193,2024-02-24T17:30:00Z,26,AFC Bournemouth,Manchester City FC,0,1,FINISHED
436194,2024-02-24T20:00:00Z,26,Arsenal FC,Newcastle United FC,4,1,FINISHED
436202,2024-02-25T13:30:00Z,26,Wolverhampton Wanderers FC,Sheffield United FC,1,0,FINISHED
436201,2024-02-26T20:00:00Z,26,West Ham United FC,Brentford FC,4,2,FINISHED
436203,2024-03-02T15:00:00Z,27,Brentford FC,Chelsea FC,2,2,FINISHED
436205,2024-03-02T15:00:00Z,27,Everton FC,West Ham United FC,1,3,FINISHED
436206,2024-03-02T15:00:00Z,27,Fulham FC,Brighton & Hove Albion FC,3,0,FINISHED
436209,2024-03-02T15:00:00Z,27,Newcastle United FC,Wolverhampton Wanderers FC,3,0,FINISHED
436210,2024-03-02T15:00:00Z,27,Nottingham Forest FC,Liverpool FC,0,1,FINISHED
436212,2024-03-02T15:00:00Z,27,Tottenham Hotspur FC,Crystal Palace FC,3,1,FINISHED
436207,2024-03-02T17:30:00Z,27,Luton Town FC,Aston Villa FC,2,3,FINISHED
436204,2024-03-03T13:00:00Z,27,Burnley FC,AFC Bournemouth,0,2,FINISHED
436208,2024-03-03T15:30:00Z,27,Manchester City FC,Manchester United FC,3,1,FINISHED
436211,2024-03-04T20:00:00Z,27,Sheffield United FC,Arsenal FC,0,6,FINISHED
436220,2024-03-09T12:30:00Z,28,Manchester United FC,Everton FC,2,0,FINISHED
436213,2024-03-09T15:00:00Z,28,AFC Bournemouth,Sheffield United FC,2,2,FINISHED
436218,2024-03-09T15:00:00Z,28,Crystal Palace FC,Luton Town FC,1,1,FINISHED
436222,2024-03-09T15:00:00Z,28,Wolverhampton Wanderers FC,Fulham FC,2,1,FINISHED
436214,2024-03-09T17:30:00Z,28,Arsenal FC,Brentford FC,2,1,FINISHED
436215,2024-03-10T13:00:00Z,28,Aston Villa FC,Tottenham Hotspur FC,0,4,FINISHED
436216,2024-03-10T14:00:00Z,28,Brighton & Hove Albion FC,Nottingham Forest FC,1,0,FINISHED
436221,2024-03-10T14:00:00Z,28,West Ham United FC,Burnley FC,2,2,FINISHED
436219,2024-03-10T15:45:00Z,28,Liverpool FC,Manchester City FC,1,1,FINISHED
436217,2024-03-11T20:00:00Z,28,Chelsea FC,Newcastle United FC,3,2,FINISHED
436103,2024-03-13T19:30:00Z,17,AFC Bournemouth,Luton Town FC,4,3,FINISHED
436225,2024-03-16T15:00:00Z,29,Burnley FC,Brentford FC,2,1,FINISHED
436229,2024-03-16T15:00:00Z,29,Luton Town FC,Nottingham Forest FC,1,1,FINISHED
436228,2024-03-16T17:30:00Z,29,Fulham FC,Tottenham Hotspur FC,3,0,FINISHED
436231,2024-03-17T14:00:00Z,29,West Ham United FC,Aston Villa FC,1,1,FINISHED
436239,2024-03-30T12:30:00Z,30,Newcastle United FC,West Ham United FC,4,3,FINISHED
436233,2024-03-30T15:00:00Z,30,AFC Bournemouth,Everton FC,2,1,FINISHED
436236,2024-03-30T15:00:00Z,30,Chelsea FC,Burnley FC,2,2,FINISHED
436240,2024-03-30T15:00:00Z,30,Nottingham Forest FC,Crystal Palace FC,1,1,FINISHED
436241,2024-03-30T15:00:00Z,30,Sheffield United FC,Fulham FC,3,3,FINISHED
436242,2024-03-30T15:00:00Z,30,Tottenham Hotspur FC,Luton Town FC,2,1,FINISHED
436234,2024-03-30T17:30:00Z,30,Aston Villa FC,Wolverhampton Wanderers FC,2,0,FINISHED
436235,2024-03-30T20:00:00Z,30,Brentford FC,Manchester United FC,1,1,FINISHED
436237,2024-03-31T13:00:00Z,30,Liverpool FC,Brighton & Hove Albion FC,2,1,FINISHED
436238,2024-03-31T15:30:00Z,30,Manchester City FC,Arsenal FC,0,0,FINISHED
436247,2024-04-02T18:30:00Z,31,Nottingham Forest FC,Fulham FC,3,1,FINISHED
436250,2024-04-02T18:30:00Z,31,Newcastle United FC,Everton FC,1,1,FINISHED
436243,2024-04-02T18:45:00Z,31,AFC Bournemouth,Crystal Palace FC,1,0,FINISHED
436246,2024-04-02T18:45:00Z,31,Burnley FC,Wolverhampton Wanderers FC,1,1,FINISHED
436248,2024-04-02T19:15:00Z,31,West Ham United FC,Tottenham Hotspur FC,1,1,FINISHED
436244,2024-04-03T18:30:00Z,31,Arsenal FC,Luton Town FC,2,0,FINISHED
436245,2024-04-03T18:30:00Z,31,Brentford FC,Brighton & Hove Albion FC,0,0,FINISHED
436252,2024-04-03T19:15:00Z,31,Manchester City FC,Aston Villa FC,4,1,FINISHED
436251,2024-04-04T18:30:00Z,31,Liverpool FC,Sheffield United FC,3,1,FINISHED
436249,2024-04-04T19:15:00Z,31,Chelsea FC,Manchester United FC,4,3,FINISHED
436255,2024-04-06T11:30:00Z,32,Crystal Palace FC,Manchester City FC,2,4,FINISHED
436253,2024-04-06T14:00:00Z,32,Aston Villa FC,Brentford FC,3,3,FINISHED
436256,2024-04-06T14:00:00Z,32,Everton FC,Burnley FC,1,0,FINISHED
436257,2024-04-06T14:00:00Z,32,Fulham FC,Newcastle United FC,0,1,FINISHED
436258,2024-04-06T14:00:00Z,32,Luton Town FC,AFC Bournemouth,2,1,FINISHED
436262,2024-04-06T14:00:00Z,32,Wolverhampton Wanderers FC,West Ham United FC,1,2,FINISHED
436254,2024-04-06T16:30:00Z,32,Brighton & Hove Albion FC,Arsenal FC,0,3,FINISHED
436259,2024-04-07T14:30:00Z,32,Manchester United FC,Liverpool FC,2,2,FINISHED
436260,2024-04-07T16:30:00Z,32,Sheffield United FC,Chelsea FC,2,2,FINISHED
436261,2024-04-07T17:00:00Z,32,Tottenham Hotspur FC,Nottingham Forest FC,3,1,FINISHED
436270,2024-04-13T11:30:00Z,33,Newcastle United FC,Tottenham Hotspur FC,4,0,FINISHED
436265,2024-04-13T14:00:00Z,33,Brentford FC,Sheffield United FC,2,0,FINISHED
436266,2024-04-13T14:00:00Z,33,Burnley FC,Brighton & Hove Albion FC,1,1,FINISHED
436269,2024-04-13T14:00:00Z,33,Manchester City FC,Luton Town FC,5,1,FINISHED
436271,2024-04-13T14:00:00Z,33,Nottingham Forest FC,Wolverhampton Wanderers FC,2,2,FINISHED
436263,2024-04-13T16:30:00Z,33,AFC Bournemouth,Manchester United FC,2,2,FINISHED
436268,2024-04-14T13:00:00Z,33,Liverpool FC,Crystal Palace FC,0,1,FINISHED
436272,2024-04-14T13:00:00Z,33,West Ham United FC,Fulham FC,0,2,FINISHED
436264,2024-04-14T15:30:00Z,33,Arsenal FC,Aston Villa FC,0,2,FINISHED
436267,2024-04-15T19:00:00Z,33,Chelsea FC,Everton FC,6,0,FINISHED
436278,2024-04-20T14:00:00Z,34,Luton Town FC,Brentford FC,1,5,FINISHED
436280,2024-04-20T14:00:00Z,34,Sheffield United FC,Burnley FC,1,4,FINISHED
436282,2024-04-20T18:30:00Z,34,Wolverhampton Wanderers FC,Arsenal FC,0,2,FINISHED
436276,2024-04-21T12:30:00Z,34,Everton FC,Nottingham Forest FC,2,0,FINISHED
436273,2024-04-21T14:00:00Z,34,Aston Villa FC,AFC Bournemouth,3,1,FINISHED
436275,2024-04-21T14:00:00Z,34,Crystal Palace FC,West Ham United FC,5,2,FINISHED
436277,2024-04-21T15:30:00Z,34,Fulham FC,Liverpool FC,1,3,FINISHED
436223,2024-04-23T19:00:00Z,29,Arsenal FC,Chelsea FC,5,0,FINISHED
436232,2024-04-24T18:45:00Z,29,Wolverhampton Wanderers FC,AFC Bournemouth,0,1,FINISHED
436226,2024-04-24T19:00:00Z,29,Crystal Palace FC,Newcastle United FC,2,0,FINISHED
436227,2024-04-24T19:00:00Z,29,Everton FC,Liverpool FC,2,0,FINISHED
436230,2024-04-24T19:00:00Z,29,Manchester United FC,Sheffield United FC,4,2,FINISHED
436224,2024-04-25T19:00:00Z,29,Brighton & Hove Albion FC,Manchester City FC,0,4,FINISHED
436291,2024-04-27T11:30:00Z,35,West Ham United FC,Liverpool FC,2,2,FINISHED
436286,2024-04-27T14:00:00Z,35,Fulham FC,Crystal Palace FC,1,1,FINISHED
436287,2024-04-27T14:00:00Z,35,Manchester United FC,Burnley FC,1,1,FINISHED
436288,2024-04-27T14:00:00Z,35,Newcastle United FC,Sheffield United FC,5,1,FINISHED
436292,2024-04-27T14:00:00Z,35,Wolverhampton Wanderers FC,Luton Town FC,2,1,FINISHED
436285,2024-04-27T16:30:00Z,35,Everton FC,Brentford FC,1,0,FINISHED
436284,2024-04-27T19:00:00Z,35,Aston Villa FC,Chelsea FC,2,2,FINISHED
436283,2024-04-28T13:00:00Z,35,AFC Bournemouth,Brighton & Hove Albion FC,3,0,FINISHED
436290,2024-04-28T13:00:00Z,35,Tottenham Hotspur FC,Arsenal FC,2,3,FINISHED
436289,2024-04-28T15:30:00Z,35,Nottingham Forest FC,Manchester City FC,0,2,FINISHED
436197,2024-05-02T18:30:00Z,26,Chelsea FC,Tottenham Hotspur FC,2,0,FINISHED
436300,2024-05-03T19:00:00Z,36,Luton Town FC,Everton FC,1,1,FINISHED
436293,2024-05-04T11:30:00Z,36,Arsenal FC,AFC Bournemouth,3,0,FINISHED
436294,2024-05-04T14:00:00Z,36,Brentford FC,Fulham FC,0,0,FINISHED
436296,2024-05-04T14:00:00Z,36,Burnley FC,Newcastle United FC,1,4,FINISHED
436302,2024-05-04T14:00:00Z,36,Sheffield United FC,Nottingham Forest FC,1,3,FINISHED
436301,2024-05-04T16:30:00Z,36,Manchester City FC,Wolverhampton Wanderers FC,5,1,FINISHED
436295,2024-05-05T13:00:00Z,36,Brighton & Hove Albion FC,Aston Villa FC,1,0,FINISHED
436297,2024-05-05T13:00:00Z,36,Chelsea FC,West Ham United FC,5,0,FINISHED
436299,2024-05-05T15:30:00Z,36,Liverpool FC,Tottenham Hotspur FC,4,2,FINISHED
436298,2024-05-06T19:00:00Z,36,Crystal Palace FC,Manchester United FC,4,0,FINISHED
436306,2024-05-11T11:30:00Z,37,Fulham FC,Manchester City FC,0,4,FINISHED
436303,2024-05-11T14:00:00Z,37,AFC Bournemouth,Brentford FC,1,2,FINISHED
436305,2024-05-11T14:00:00Z,37,Everton FC,Sheffield United FC,1,0,FINISHED
436308,2024-05-11T14:00:00Z,37,Newcastle United FC,Brighton & Hove Albion FC,1,1,FINISHED
436310,2024-05-11T14:00:00Z,37,Tottenham Hotspur FC,Burnley FC,2,1,FINISHED
436311,2024-05-11T14:00:00Z,37,West Ham United FC,Luton Town FC,3,1,FINISHED
436312,2024-05-11T14:00:00Z,37,Wolverhampton Wanderers FC,Crystal Palace FC,1,3,FINISHED
436309,2024-05-11T16:30:00Z,37,Nottingham Forest FC,Chelsea FC,2,3,FINISHED
436307,2024-05-12T15:30:00Z,37,Manchester United FC,Arsenal FC,0,1,FINISHED
436304,2024-05-13T19:00:00Z,37,Aston Villa FC,Liverpool FC,3,3,FINISHED
436281,2024-05-14T19:00:00Z,34,Tottenham Hotspur FC,Manchester City FC,0,2,FINISHED
436274,2024-05-15T18:45:00Z,34,Brighton & Hove Albion FC,Chelsea FC,1,2,FINISHED
436279,2024-05-15T19:00:00Z,34,Manchester United FC,Newcastle United FC,3,2,FINISHED
436313,2024-05-19T15:00:00Z,38,Arsenal FC,Everton FC,2,1,FINISHED
436314,2024-05-19T15:00:00Z,38,Brentford FC,Newcastle United FC,2,4,FINISHED
436315,2024-05-19T15:00:00Z,38,Brighton & Hove Albion FC,Manchester United FC,0,2,FINISHED
436316,2024-05-19T15:00:00Z,38,Burnley FC,Nottingham Forest FC,1,2,FINISHED
436317,2024-05-19T15:00:00Z,38,Chelsea FC,AFC Bournemouth,2,1,FINISHED
436318,2024-05-19T15:00:00Z,38,Crystal Palace FC,Aston Villa FC,5,0,FINISHED
436319,2024-05-19T15:00:00Z,38,Liverpool FC,Wolverhampton Wanderers FC,2,0,FINISHED
436320,2024-05-19T15:00:00Z,38,Luton Town FC,Fulham FC,2,4,FINISHED
436321,2024-05-19T15:00:00Z,38,Manchester City FC,West Ham United FC,3,1,FINISHED
436322,2024-05-19T15:00:00Z,38,Sheffield United FC,Tottenham Hotspur FC,0,3,FINISHED
